Squad,1,2,3,4,5,6,7,8,9,10,11,12,13,14,15,16,17,18,19,20
Arsenal,71.7,28.299999999999997,0.0,0.0,0.0,0.0,0.0,0.0,0.0,0.0,0.0,0.0,0.0,0.0,0.0,0.0,0.0,0.0,0.0,0.0
Manchester City,28.299999999999997,71.7,0.0,0.0,0.0,0.0,0.0,0.0,0.0,0.0,0.0,0.0,0.0,0.0,0.0,0.0,0.0,0.0,0.0,0.0
Manchester United,0.0,0.0,100.0,0.0,0.0,0.0,0.0,0.0,0.0,0.0,0.0,0.0,0.0,0.0,0.0,0.0,0.0,0.0,0.0,0.0
Liverpool FC,0.0,0.0,0.0,85.7,14.299999999999999,0.0,0.0,0.0,0.0,0.0,0.0,0.0,0.0,0.0,0.0,0.0,0.0,0.0,0.0,0.0
Aston Villa,0.0,0.0,0.0,14.299999999999999,85.7,0.0,0.0,0.0,0.0,0.0,0.0,0.0,0.0,0.0,0.0,0.0,0.0,0.0,0.0,0.0
Bournemouth,0.0,0.0,0.0,0.0,0.0,69.19999999999999,30.8,0.0,0.0,0.0,0.0,0.0,0.0,0.0,0.0,0.0,0.0,0.0,0.0,0.0
Brighton & Hove Albion,0.0,0.0,0.0,0.0,0.0,30.8,58.3,10.9,0.0,0.0,0.0,0.0,0.0,0.0,0.0,0.0,0.0,0.0,0.0,0.0
Brentford,0.0,0.0,0.0,0.0,0.0,0.0,10.9,52.800000000000004,30.5,5.800000000000001,0.0,0.0,0.0,0.0,0.0,0.0,0.0,0.0,0.0,0.0
Chelsea,0.0,0.0,0.0,0.0,0.0,0.0,0.0,27.0,26.8,19.2,20.5,6.5,0.0,0.0,0.0,0.0,0.0,0.0,0.0,0.0
Everton,0.0,0.0,0.0,0.0,0.0,0.0,0.0,9.3,17.8,32.7,33.7,6.5,0.0,0.0,0.0,0.0,0.0,0.0,0.0,0.0
Fulham,0.0,0.0,0.0,0.0,0.0,0.0,0.0,0.0,12.5,16.8,23.599999999999998,24.5,22.6,0.0,0.0,0.0,0.0,0.0,0.0,0.0
Sunderland,0.0,0.0,0.0,0.0,0.0,0.0,0.0,0.0,12.4,15.0,3.3000000000000003,54.0,15.299999999999999,0.0,0.0,0.0,0.0,0.0,0.0,0.0
Newcastle United,0.0,0.0,0.0,0.0,0.0,0.0,0.0,0.0,0.0,10.5,18.9,8.5,36.9,17.2,6.7,1.3,0.0,0.0,0.0,0.0
Leeds United,0.0,0.0,0.0,0.0,0.0,0.0,0.0,0.0,0.0,0.0,0.0,0.0,16.2,44.800000000000004,27.0,12.0,0.0,0.0,0.0,0.0
Nottingham Forest,0.0,0.0,0.0,0.0,0.0,0.0,0.0,0.0,0.0,0.0,0.0,0.0,5.7,22.3,27.6,44.4,0.0,0.0,0.0,0.0
Crystal Palace,0.0,0.0,0.0,0.0,0.0,0.0,0.0,0.0,0.0,0.0,0.0,0.0,3.3000000000000003,15.7,38.7,42.3,0.0,0.0,0.0,0.0
Tottenham Hotspur,0.0,0.0,0.0,0.0,0.0,0.0,0.0,0.0,0.0,0.0,0.0,0.0,0.0,0.0,0.0,0.0,89.3,10.7,0.0,0.0
West Ham United,0.0,0.0,0.0,0.0,0.0,0.0,0.0,0.0,0.0,0.0,0.0,0.0,0.0,0.0,0.0,0.0,10.7,89.3,0.0,0.0
Burnley,0.0,0.0,0.0,0.0,0.0,0.0,0.0,0.0,0.0,0.0,0.0,0.0,0.0,0.0,0.0,0.0,0.0,0.0,95.19999999999999,4.8
Wolverhampton,0.0,0.0,0.0,0.0,0.0,0.0,0.0,0.0,0.0,0.0,0.0,0.0,0.0,0.0,0.0,0.0,0.0,0.0,4.8,95.19999999999999
