team_home,team_away,goals_home,goals_away,league_division,season,group
Tikka/2,FC Samba,7,3,5,26,1
PEF,HooGee/23,4,0,5,26,1
LoPa/2,EPS/2,0,1,5,26,1
GrIFK/2,KaPy,4,2,5,26,1
LoPa/2,PEF,2,3,5,26,1
EPS/2,Tikka/2,1,0,5,26,1
HooGee/23,GrIFK/2,4,2,5,26,1
KaPy,LoPa/2,3,0,5,26,1
KaPy,FC Samba,9,1,5,26,1
PEF,LoPa/2,1,2,5,26,1
FC Kirkkonummi,EPS/2,2,1,5,26,1
GrIFK/2,Tikka/2,5,2,5,26,1
Tikka/2,PEF,2,1,5,26,1
EPS/2,GrIFK/2,5,2,5,26,1
LoPa/2,FC Kirkkonummi,2,5,5,26,1
HooGee/23,KaPy,2,4,5,26,1
PEF,EPS/2,6,0,5,26,1
Tikka/2,HooGee/23,3,2,5,26,1
FC Kirkkonummi,KaPy,5,2,5,26,1
GrIFK/2,FC Samba,5,2,5,26,1
LoPa/2,Tikka/2,0,5,5,26,1
FC Kirkkonummi,GrIFK/2,4,1,5,26,1
FC Samba,HooGee/23,2,4,5,26,1
KaPy,PEF,1,3,5,26,1
PEF,FC Samba,14,2,5,26,1
Tikka/2,FC Kirkkonummi,1,6,5,26,1
HooGee/23,EPS/2,1,2,5,26,1
GrIFK/2,LoPa/2,3,0,5,26,1
KaPy,Tikka/2,0,2,5,26,1
PEF,FC Kirkkonummi,1,1,5,26,1
HooGee/23,LoPa/2,7,3,5,26,1
FC Samba,EPS/2,3,4,5,26,1
EPS/2,KaPy,6,2,5,26,1
FC Kirkkonummi,HooGee/23,3,0,5,26,1
LoPa/2,FC Samba,5,3,5,26,1
GrIFK/2,PEF,0,4,5,26,1
KaPy,GrIFK/2,0,0,5,26,1
EPS/2,LoPa/2,1,2,5,26,1
FC Samba,Tikka/2,1,6,5,26,1
HooGee/23,PEF,0,3,5,26,1
Tikka/2,EPS/2,2,3,5,26,1
LoPa/2,KaPy,1,0,5,26,1
FC Samba,FC Kirkkonummi,2,6,5,26,1
GrIFK/2,HooGee/23,1,1,5,26,1
Tikka/2,GrIFK/2,3,2,5,26,1
EPS/2,FC Kirkkonummi,1,3,5,26,1
FC Samba,KaPy,2,2,5,26,1
KaPy,HooGee/23,3,0,5,26,1
PEF,Tikka/2,2,2,5,26,1
FC Kirkkonummi,LoPa/2,2,2,5,26,1
GrIFK/2,EPS/2,4,1,5,26,1
EPS/2,PEF,2,2,5,26,1
FC Samba,GrIFK/2,4,0,5,26,1
HooGee/23,Tikka/2,3,1,5,26,1
KaPy,FC Kirkkonummi,0,3,5,26,1
PEF,KaPy,0,2,5,26,1
Tikka/2,LoPa/2,4,3,5,26,1
HooGee/23,FC Samba,1,3,5,26,1
GrIFK/2,FC Kirkkonummi,1,2,5,26,1
EPS/2,HooGee/23,3,2,5,26,1
FC Samba,PEF,1,4,5,26,1
FC Kirkkonummi,Tikka/2,2,2,5,26,1
LoPa/2,GrIFK/2,0,0,5,26,1
Tikka/2,KaPy,3,3,5,26,1
EPS/2,FC Samba,1,2,5,26,1
LoPa/2,HooGee/23,1,1,5,26,1
FC Kirkkonummi,PEF,2,1,5,26,1
KaPy,EPS/2,1,3,5,26,1
FC Samba,LoPa/2,4,1,5,26,1
PEF,GrIFK/2,4,0,5,26,1
HooGee/23,FC Kirkkonummi,0,1,5,26,1
Kilo IF,PPV,1,4,5,26,2
FC POHU/SiPa,KeiKa,2,1,5,26,2
PiTa,RiRa,4,3,5,26,2
KY United,FC Honka/Leopardit,3,5,5,26,2
PPV,FC POHU/SiPa,5,4,5,26,2
Kasiysi/2,Kilo IF,1,5,5,26,2
FC Honka/Leopardit,PiTa,3,2,5,26,2
KeiKa,KY United,1,5,5,26,2
RiRa,NJS/2,0,5,5,26,2
PiTa,Kilo IF,1,1,5,26,2
Kasiysi/2,KeiKa,0,9,5,26,2
KY United,PPV,4,4,5,26,2
FC Honka/Leopardit,RiRa,6,2,5,26,2
NJS/2,FC POHU/SiPa,4,4,5,26,2
Kilo IF,KY United,3,3,5,26,2
RiRa,Kasiysi/2,6,0,5,26,2
PPV,NJS/2,2,1,5,26,2
FC POHU/SiPa,PiTa,0,2,5,26,2
KeiKa,FC Honka/Leopardit,2,4,5,26,2
NJS/2,KeiKa,0,3,5,26,2
PiTa,PPV,3,0,5,26,2
FC POHU/SiPa,RiRa,7,0,5,26,2
KY United,Kasiysi/2,4,0,5,26,2
FC Honka/Leopardit,Kilo IF,2,2,5,26,2
Kilo IF,FC POHU/SiPa,5,3,5,26,2
PPV,FC Honka/Leopardit,1,4,5,26,2
Kasiysi/2,PiTa,0,1,5,26,2
KY United,NJS/2,5,3,5,26,2
KeiKa,RiRa,1,2,5,26,2
NJS/2,Kilo IF,4,0,5,26,2
RiRa,PPV,4,1,5,26,2
FC POHU/SiPa,KY United,3,4,5,26,2
PiTa,KeiKa,1,1,5,26,2
FC Honka/Leopardit,Kasiysi/2,10,0,5,26,2
RiRa,Kilo IF,6,3,5,26,2
PiTa,KY United,3,1,5,26,2
Kasiysi/2,FC POHU/SiPa,0,6,5,26,2
FC Honka/Leopardit,NJS/2,0,0,5,26,2
KeiKa,PPV,3,2,5,26,2
Kilo IF,KeiKa,2,0,5,26,2
NJS/2,PiTa,0,0,5,26,2
PPV,Kasiysi/2,11,1,5,26,2
FC POHU/SiPa,FC Honka/Leopardit,2,2,5,26,2
KY United,RiRa,4,4,5,26,2
RiRa,PiTa,0,9,5,26,2
PPV,Kilo IF,1,4,5,26,2
Kasiysi/2,NJS/2,1,10,5,26,2
KeiKa,FC POHU/SiPa,7,1,5,26,2
FC Honka/Leopardit,KY United,3,0,5,26,2
FC Spital,Tavastia,3,2,5,26,3
FC Pehmeet ja Märät,HPS/Jägers,4,2,5,26,3
Vesa/Töölö,Helsinki Stars,4,7,5,26,3
Pessoas Boas,HJK/Lsalo,0,4,5,26,3
PPJ/West Wanderers,HIFK/2,7,0,5,26,3
Helsinki Stars,PPJ/West Wanderers,1,6,5,26,3
HJK/Lsalo,FC Pehmeet ja Märät,2,7,5,26,3
HPS/Jägers,FC Spital,2,0,5,26,3
HIFK/2,Pessoas Boas,4,1,5,26,3
Tavastia,Vesa/Töölö,4,0,5,26,3
FC Spital,HIFK/2,3,5,5,26,3
Pessoas Boas,Helsinki Stars,3,7,5,26,3
HJK/Lsalo,HPS/Jägers,1,1,5,26,3
FC Pehmeet ja Märät,Vesa/Töölö,2,0,5,26,3
Tavastia,HIFK/2,3,3,5,26,3
FC Spital,PPJ/West Wanderers,1,8,5,26,3
Helsinki Stars,FC Spital,1,3,5,26,3
PPJ/West Wanderers,FC Pehmeet ja Märät,7,1,5,26,3
HPS/Jägers,Tavastia,1,4,5,26,3
HIFK/2,HJK/Lsalo,2,8,5,26,3
Vesa/Töölö,Pessoas Boas,2,1,5,26,3
PPJ/West Wanderers,HPS/Jägers,4,5,5,26,3
Pessoas Boas,Tavastia,1,5,5,26,3
FC Pehmeet ja Märät,Helsinki Stars,1,2,5,26,3
HJK/Lsalo,Vesa/Töölö,4,3,5,26,3
Helsinki Stars,HJK/Lsalo,4,2,5,26,3
Pessoas Boas,FC Spital,1,0,5,26,3
Tavastia,FC Pehmeet ja Märät,4,3,5,26,3
Vesa/Töölö,PPJ/West Wanderers,4,2,5,26,3
HIFK/2,HPS/Jägers,1,7,5,26,3
HPS/Jägers,Helsinki Stars,3,4,5,26,3
FC Pehmeet ja Märät,HIFK/2,4,1,5,26,3
PPJ/West Wanderers,Pessoas Boas,4,1,5,26,3
HJK/Lsalo,Tavastia,3,2,5,26,3
FC Spital,Vesa/Töölö,2,1,5,26,3
HIFK/2,Helsinki Stars,1,5,5,26,3
Tavastia,PPJ/West Wanderers,1,4,5,26,3
FC Pehmeet ja Märät,Pessoas Boas,2,3,5,26,3
HPS/Jägers,Vesa/Töölö,0,2,5,26,3
HJK/Lsalo,FC Spital,1,5,5,26,3
Helsinki Stars,Tavastia,4,0,5,26,3
Pessoas Boas,HPS/Jägers,1,1,5,26,3
PPJ/West Wanderers,HJK/Lsalo,8,1,5,26,3
FC Spital,FC Pehmeet ja Märät,2,1,5,26,3
Vesa/Töölö,HIFK/2,2,2,5,26,3
Helsinki Stars,Vesa/Töölö,1,2,5,26,3
HPS/Jägers,FC Pehmeet ja Märät,2,0,5,26,3
Tavastia,FC Spital,4,0,5,26,3
HJK/Lsalo,Pessoas Boas,3,2,5,26,3
HIFK/2,PPJ/West Wanderers,2,2,5,26,3
FC POHU/Simpsons,Strikers/Bertil,6,1,5,26,4
FC Dons,FC Germania,2,1,5,26,4
LPS/Kuninkaat,PETO,4,4,5,26,4
HePu,ToTe/United,10,3,5,26,4
KäPa/NoLe,Mando United,4,4,5,26,4
FC Germania,FC POHU/Simpsons,4,0,5,26,4
ToTe/United,LPS/Kuninkaat,2,8,5,26,4
Mando United,HePu,2,8,5,26,4
PETO,FC Dons,1,1,5,26,4
Strikers/Bertil,KäPa/NoLe,1,8,5,26,4
FC Dons,KäPa/NoLe,5,2,5,26,4
PETO,FC Germania,2,2,5,26,4
FC POHU/Simpsons,HePu,3,2,5,26,4
Strikers/Bertil,ToTe/United,4,1,5,26,4
LPS/Kuninkaat,Mando United,2,1,5,26,4
HePu,FC Dons,0,4,5,26,4
ToTe/United,PETO,1,5,5,26,4
Mando United,FC POHU/Simpsons,3,1,5,26,4
KäPa/NoLe,LPS/Kuninkaat,5,0,5,26,4
FC Germania,Strikers/Bertil,10,0,5,26,4
HePu,FC Germania,3,7,5,26,4
FC POHU/Simpsons,ToTe/United,6,0,5,26,4
PETO,KäPa/NoLe,0,3,5,26,4
FC Dons,Mando United,9,1,5,26,4
LPS/Kuninkaat,Strikers/Bertil,13,1,5,26,4
ToTe/United,FC Germania,1,6,5,26,4
LPS/Kuninkaat,FC POHU/Simpsons,6,2,5,26,4
KäPa/NoLe,HePu,2,2,5,26,4
Mando United,PETO,1,4,5,26,4
Strikers/Bertil,FC Dons,0,7,5,26,4
FC POHU/Simpsons,KäPa/NoLe,1,3,5,26,4
FC Dons,ToTe/United,7,0,5,26,4
PETO,Strikers/Bertil,4,2,5,26,4
HePu,LPS/Kuninkaat,2,3,5,26,4
FC Germania,Mando United,3,2,5,26,4
PETO,FC POHU/Simpsons,2,2,5,26,4
ToTe/United,Mando United,4,1,5,26,4
Strikers/Bertil,HePu,1,2,5,26,4
FC Dons,LPS/Kuninkaat,1,3,5,26,4
FC Germania,KäPa/NoLe,3,1,5,26,4
HePu,PETO,2,4,5,26,4
FC POHU/Simpsons,FC Dons,2,3,5,26,4
LPS/Kuninkaat,FC Germania,2,7,5,26,4
KäPa/NoLe,ToTe/United,6,1,5,26,4
Mando United,Strikers/Bertil,0,3,5,26,4
Strikers/Bertil,FC POHU/Simpsons,4,2,5,26,4
ToTe/United,HePu,1,3,5,26,4
Mando United,KäPa/NoLe,4,1,5,26,4
FC Germania,FC Dons,3,4,5,26,4
PETO,LPS/Kuninkaat,2,0,5,26,4
MLHF,FC Kontu/U23,1,2,5,26,5
ToTe/Keparoi,StaKe FC,1,5,5,26,5
FC Mango,HerTo,1,0,5,26,5
Valtti/LA,FC POHU/CJ United,3,2,5,26,5
StaKe FC,FC Mango,5,3,5,26,5
HerTo,Valtti/LA,4,2,5,26,5
Vietfin FC,MLHF,1,2,5,26,5
FC Kontu/U23,ToTe/Keparoi,6,1,5,26,5
Vietfin FC,FC Kontu/U23,4,9,5,26,5
ToTe/Keparoi,Valtti/LA,2,6,5,26,5
MLHF,FC Mango,3,1,5,26,5
StaKe FC,FC POHU/CJ United,1,8,5,26,5
FC POHU/CJ United,Vietfin FC,18,0,5,26,5
FC Kontu/U23,StaKe FC,0,4,5,26,5
HerTo,ToTe/Keparoi,2,4,5,26,5
Valtti/LA,MLHF,2,2,5,26,5
ToTe/Keparoi,FC POHU/CJ United,2,2,5,26,5
MLHF,HerTo,2,1,5,26,5
Vietfin FC,FC Mango,1,2,5,26,5
Valtti/LA,FC Kontu/U23,4,5,5,26,5
FC POHU/CJ United,FC Kontu/U23,6,1,5,26,5
StaKe FC,MLHF,2,2,5,26,5
FC Mango,Valtti/LA,0,3,5,26,5
HerTo,Vietfin FC,2,1,5,26,5
Vietfin FC,StaKe FC,3,0,5,26,5
ToTe/Keparoi,FC Mango,3,0,5,26,5
FC Kontu/U23,HerTo,4,2,5,26,5
MLHF,FC POHU/CJ United,3,3,5,26,5
Vietfin FC,ToTe/Keparoi,0,0,5,26,5
FC Kontu/U23,FC Mango,11,2,5,26,5
FC POHU/CJ United,HerTo,5,1,5,26,5
StaKe FC,Valtti/LA,1,3,5,26,5
HerTo,StaKe FC,2,5,5,26,5
FC Mango,FC POHU/CJ United,1,5,5,26,5
ToTe/Keparoi,MLHF,3,1,5,26,5
Valtti/LA,Vietfin FC,1,2,5,26,5
HerTo,FC Mango,1,2,5,26,5
StaKe FC,ToTe/Keparoi,4,6,5,26,5
FC Kontu/U23,MLHF,5,1,5,26,5
FC POHU/CJ United,Valtti/LA,8,3,5,26,5
MLHF,Vietfin FC,4,6,5,26,5
ToTe/Keparoi,FC Kontu/U23,5,1,5,26,5
FC Mango,StaKe FC,1,2,5,26,5
Valtti/LA,HerTo,4,1,5,26,5
FC POHU/CJ United,StaKe FC,7,2,5,26,5
FC Kontu/U23,Vietfin FC,2,2,5,26,5
Valtti/LA,ToTe/Keparoi,2,3,5,26,5
FC Mango,MLHF,2,2,5,26,5
MLHF,Valtti/LA,2,3,5,26,5
StaKe FC,FC Kontu/U23,5,1,5,26,5
Vietfin FC,FC POHU/CJ United,0,9,5,26,5
FC Mango,Vietfin FC,2,4,5,26,5
FC Kontu/U23,Valtti/LA,3,3,5,26,5
HerTo,MLHF,0,4,5,26,5
FC POHU/CJ United,ToTe/Keparoi,5,2,5,26,5
Vietfin FC,HerTo,4,1,5,26,5
FC Kontu/U23,FC POHU/CJ United,0,3,5,26,5
MLHF,StaKe FC,0,3,5,26,5
Valtti/LA,FC Mango,4,1,5,26,5
FC POHU/CJ United,MLHF,2,1,5,26,5
HerTo,FC Kontu/U23,1,3,5,26,5
StaKe FC,Vietfin FC,1,2,5,26,5
FC Mango,ToTe/Keparoi,3,3,5,26,5
FC Mango,FC Kontu/U23,2,9,5,26,5
HerTo,FC POHU/CJ United,1,11,5,26,5
ToTe/Keparoi,Vietfin FC,3,1,5,26,5
Valtti/LA,StaKe FC,2,2,5,26,5
MLHF,ToTe/Keparoi,3,2,5,26,5
Vietfin FC,Valtti/LA,0,6,5,26,5
FC POHU/CJ United,FC Mango,5,1,5,26,5
StaKe FC,HerTo,4,2,5,26,5
Andalus FC,PK-35/2,4,4,5,26,6
FC KaKe,MPS/AtleticoAkatemia,0,4,5,26,6
JäPS/Akatemia,PuiU/Akatemia,6,3,5,26,6
FC Kontu/KoVa,AFG united,2,5,5,26,6
MPS/AtleticoAkatemia,JäPS/Akatemia,2,1,5,26,6
PuiU/Akatemia,Andalus FC,7,3,5,26,6
AFG united,Ponnistajat,1,0,5,26,6
PK-35/2,FC Kontu/KoVa,0,5,5,26,6
JäPS/Akatemia,FC Kontu/KoVa,3,2,5,26,6
FC KaKe,Andalus FC,4,2,5,26,6
Ponnistajat,PK-35/2,1,4,5,26,6
PuiU/Akatemia,AFG united,0,7,5,26,6
FC KaKe,Ponnistajat,1,10,5,26,6
MPS/AtleticoAkatemia,PuiU/Akatemia,0,4,5,26,6
FC Kontu/KoVa,FC KaKe,4,2,5,26,6
Andalus FC,Ponnistajat,4,5,5,26,6
JäPS/Akatemia,AFG united,1,1,5,26,6
FC KaKe,PK-35/2,0,6,5,26,6
FC Kontu/KoVa,MPS/AtleticoAkatemia,2,3,5,26,6
Ponnistajat,PuiU/Akatemia,3,6,5,26,6
Ponnistajat,JäPS/Akatemia,2,1,5,26,6
PuiU/Akatemia,FC KaKe,15,1,5,26,6
Andalus FC,FC Kontu/KoVa,0,5,5,26,6
AFG united,MPS/AtleticoAkatemia,0,1,5,26,6
JäPS/Akatemia,Andalus FC,6,2,5,26,6
FC KaKe,AFG united,0,5,5,26,6
FC Kontu/KoVa,Ponnistajat,3,0,5,26,6
MPS/AtleticoAkatemia,PK-35/2,4,3,5,26,6
MPS/AtleticoAkatemia,Andalus FC,4,2,5,26,6
PuiU/Akatemia,FC Kontu/KoVa,7,4,5,26,6
AFG united,PK-35/2,6,3,5,26,6
JäPS/Akatemia,FC KaKe,10,6,5,26,6
Ponnistajat,MPS/AtleticoAkatemia,0,7,5,26,6
Andalus FC,AFG united,1,6,5,26,6
PK-35/2,PuiU/Akatemia,1,9,5,26,6
MPS/AtleticoAkatemia,FC KaKe,10,0,5,26,6
PuiU/Akatemia,JäPS/Akatemia,9,2,5,26,6
AFG united,FC Kontu/KoVa,7,1,5,26,6
PK-35/2,Andalus FC,3,4,5,26,6
JäPS/Akatemia,MPS/AtleticoAkatemia,2,5,5,26,6
Ponnistajat,AFG united,4,1,5,26,6
FC Kontu/KoVa,PK-35/2,5,2,5,26,6
Andalus FC,PuiU/Akatemia,1,3,5,26,6
Andalus FC,FC KaKe,4,3,5,26,6
FC Kontu/KoVa,JäPS/Akatemia,3,2,5,26,6
AFG united,PuiU/Akatemia,0,0,5,26,6
PK-35/2,Ponnistajat,4,10,5,26,6
JäPS/Akatemia,PK-35/2,7,0,5,26,6
FC KaKe,FC Kontu/KoVa,3,3,5,26,6
Jäppärä,AskU,7,3,5,26,7
RiPS/2,FC Korso/United,4,1,5,26,7
I-HK/Sensaatio,KelA/Akatemia,3,2,5,26,7
KOPSE/VI,JäPS/United,8,0,5,26,7
Sibbo-Vargarna/2,HausPa,3,3,5,26,7
HausPa,RiPS/2,2,2,5,26,7
AskU,KOPSE/VI,3,6,5,26,7
JäPS/United,Sibbo-Vargarna/2,13,3,5,26,7
I-HK/Sensaatio,Jäppärä,4,4,5,26,7
FC Korso/United,KelA/Akatemia,1,1,5,26,7
HausPa,FC Korso/United,3,4,5,26,7
RiPS/2,Jäppärä,4,1,5,26,7
I-HK/Sensaatio,JäPS/United,0,5,5,26,7
KOPSE/VI,KelA/Akatemia,8,2,5,26,7
Sibbo-Vargarna/2,AskU,11,0,5,26,7
KelA/Akatemia,AskU,3,1,5,26,7
Jäppärä,Sibbo-Vargarna/2,1,4,5,26,7
JäPS/United,HausPa,2,4,5,26,7
KOPSE/VI,RiPS/2,5,1,5,26,7
FC Korso/United,I-HK/Sensaatio,4,1,5,26,7
KelA/Akatemia,JäPS/United,1,2,5,26,7
HausPa,Jäppärä,2,0,5,26,7
RiPS/2,AskU,7,0,5,26,7
KOPSE/VI,FC Korso/United,2,2,5,26,7
Sibbo-Vargarna/2,I-HK/Sensaatio,2,0,5,26,7
KelA/Akatemia,Sibbo-Vargarna/2,3,2,5,26,7
Jäppärä,KOPSE/VI,2,4,5,26,7
JäPS/United,FC Korso/United,0,3,5,26,7
I-HK/Sensaatio,RiPS/2,0,1,5,26,7
AskU,HausPa,0,2,5,26,7
Jäppärä,KelA/Akatemia,2,2,5,26,7
HausPa,I-HK/Sensaatio,7,2,5,26,7
RiPS/2,JäPS/United,5,0,5,26,7
KOPSE/VI,Sibbo-Vargarna/2,0,2,5,26,7
FC Korso/United,AskU,8,1,5,26,7
HausPa,KelA/Akatemia,2,2,5,26,7
RiPS/2,Sibbo-Vargarna/2,2,0,5,26,7
I-HK/Sensaatio,KOPSE/VI,3,0,5,26,7
FC Korso/United,Jäppärä,1,0,5,26,7
KelA/Akatemia,RiPS/2,4,1,5,26,7
AskU,I-HK/Sensaatio,0,3,5,26,7
Jäppärä,JäPS/United,1,4,5,26,7
HausPa,KOPSE/VI,1,0,5,26,7
Sibbo-Vargarna/2,FC Korso/United,2,4,5,26,7
HausPa,Sibbo-Vargarna/2,2,5,5,26,7
AskU,Jäppärä,0,4,5,26,7
KelA/Akatemia,I-HK/Sensaatio,4,2,5,26,7
JäPS/United,KOPSE/VI,1,0,5,26,7
FC Korso/United,RiPS/2,0,5,5,26,7
Jäppärä,HausPa,2,2,5,26,7
Jäppärä,I-HK/Sensaatio,0,4,5,26,7
KelA/Akatemia,FC Korso/United,0,2,5,26,7
RiPS/2,HausPa,0,2,5,26,7
KOPSE/VI,AskU,7,1,5,26,7
Sibbo-Vargarna/2,JäPS/United,2,4,5,26,7
KelA/Akatemia,KOPSE/VI,3,4,5,26,7
AskU,Sibbo-Vargarna/2,3,1,5,26,7
Jäppärä,FC Korso/United,0,4,5,26,7
JäPS/United,I-HK/Sensaatio,3,2,5,26,7
Jäppärä,RiPS/2,2,5,5,26,7
FC Korso/United,HausPa,4,1,5,26,7
HausPa,JäPS/United,4,1,5,26,7
AskU,KelA/Akatemia,1,2,5,26,7
RiPS/2,KOPSE/VI,2,4,5,26,7
I-HK/Sensaatio,FC Korso/United,1,2,5,26,7
Sibbo-Vargarna/2,Jäppärä,2,5,5,26,7
AskU,RiPS/2,0,6,5,26,7
I-HK/Sensaatio,Sibbo-Vargarna/2,8,1,5,26,7
JäPS/United,KelA/Akatemia,0,3,5,26,7
FC Korso/United,KOPSE/VI,4,0,5,26,7
RiPS/2,I-HK/Sensaatio,5,1,5,26,7
HausPa,AskU,7,0,5,26,7
KOPSE/VI,Jäppärä,2,2,5,26,7
Sibbo-Vargarna/2,KelA/Akatemia,2,6,5,26,7
FC Korso/United,JäPS/United,4,0,5,26,7
KelA/Akatemia,Jäppärä,7,2,5,26,7
AskU,FC Korso/United,0,5,5,26,7
I-HK/Sensaatio,HausPa,1,4,5,26,7
JäPS/United,RiPS/2,1,1,5,26,7
Sibbo-Vargarna/2,KOPSE/VI,2,4,5,26,7
JäPS/United,AskU,5,2,5,26,7
KelA/Akatemia,HausPa,1,1,5,26,7
KOPSE/VI,I-HK/Sensaatio,5,3,5,26,7
Sibbo-Vargarna/2,RiPS/2,2,2,5,26,7
KOPSE/VI,HausPa,6,4,5,26,7
JäPS/United,Jäppärä,4,2,5,26,7
I-HK/Sensaatio,AskU,4,1,5,26,7
RiPS/2,KelA/Akatemia,4,2,5,26,7
FC Korso/United,Sibbo-Vargarna/2,2,2,5,26,7
KarPo,Korian Klubi,6,3,5,26,8
OPedot,Flamingo United,5,2,5,26,8
Nopsa,FC Loviisa,3,3,5,26,8
PaPe,Union Plaani/17,7,3,5,26,8
FC Lahti/3,KyPa,3,3,5,26,8
FC Loviisa,FC Lahti/3,0,2,5,26,8
KyPa,PaPe,0,4,5,26,8
Union Plaani/17,OPedot,6,2,5,26,8
Korian Klubi,Nopsa,5,1,5,26,8
FC Loviisa,KyPa,1,2,5,26,8
PaPe,KarPo,10,1,5,26,8
Nopsa,Flamingo United,2,1,5,26,8
FC Lahti/3,OPedot,1,4,5,26,8
Union Plaani/17,Korian Klubi,8,4,5,26,8
OPedot,Nopsa,2,4,5,26,8
KarPo,FC Lahti/3,4,4,5,26,8
Flamingo United,PaPe,1,3,5,26,8
KyPa,Union Plaani/17,5,5,5,26,8
Korian Klubi,FC Loviisa,3,1,5,26,8
FC Loviisa,OPedot,5,1,5,26,8
PaPe,Korian Klubi,4,0,5,26,8
Nopsa,Union Plaani/17,2,3,5,26,8
FC Lahti/3,Flamingo United,2,0,5,26,8
KarPo,KyPa,2,5,5,26,8
OPedot,KarPo,6,1,5,26,8
Nopsa,PaPe,3,1,5,26,8
Union Plaani/17,FC Lahti/3,6,2,5,26,8
Korian Klubi,KyPa,1,1,5,26,8
Flamingo United,FC Loviisa,1,1,5,26,8
FC Loviisa,Union Plaani/17,3,4,5,26,8
KyPa,Flamingo United,0,0,5,26,8
PaPe,OPedot,6,2,5,26,8
FC Lahti/3,Korian Klubi,9,1,5,26,8
KarPo,Nopsa,3,7,5,26,8
FC Loviisa,PaPe,3,5,5,26,8
Union Plaani/17,KarPo,7,1,5,26,8
FC Lahti/3,Nopsa,8,0,5,26,8
Korian Klubi,Flamingo United,4,6,5,26,8
OPedot,Korian Klubi,3,4,5,26,8
PaPe,FC Lahti/3,10,3,5,26,8
Nopsa,KyPa,2,4,5,26,8
KarPo,FC Loviisa,2,2,5,26,8
Flamingo United,Union Plaani/17,3,1,5,26,8
Union Plaani/17,Flamingo United,1,2,5,26,8
KyPa,FC Lahti/3,7,0,5,26,8
Union Plaani/17,PaPe,3,2,5,26,8
Korian Klubi,KarPo,5,4,5,26,8
FC Loviisa,Nopsa,6,2,5,26,8
Olympique Club Espoo,FC Kirkkonummi/2,10,4,6,26,1
Länsiväylän Dynamo,EsPa/Keltavihree 2,1,3,6,26,1
HooGee/Hodari,LoPa/Internationales,1,1,6,26,1
EPS/3,Hukat,3,2,6,26,1
EPS/3,HooGee/Hodari,6,1,6,26,1
LoPa/Internationales,Olympique Club Espoo,0,5,6,26,1
EsPa/Keltavihree 2,ViTa,0,3,6,26,1
FC Kirkkonummi/2,EsPa/Keltavihree 2,1,4,6,26,1
Olympique Club Espoo,EPS/3,5,0,6,26,1
ViTa,HooGee/Hodari,1,4,6,26,1
Länsiväylän Dynamo,Hukat,2,5,6,26,1
Hukat,Olympique Club Espoo,3,3,6,26,1
HooGee/Hodari,Länsiväylän Dynamo,4,3,6,26,1
EPS/3,ViTa,12,0,6,26,1
LoPa/Internationales,FC Kirkkonummi/2,2,3,6,26,1
FC Kirkkonummi/2,Hukat,1,4,6,26,1
ViTa,LoPa/Internationales,5,0,6,26,1
HooGee/Hodari,EsPa/Keltavihree 2,2,1,6,26,1
Länsiväylän Dynamo,EPS/3,0,11,6,26,1
Olympique Club Espoo,ViTa,5,0,6,26,1
ViTa,Länsiväylän Dynamo,2,1,6,26,1
Hukat,HooGee/Hodari,5,2,6,26,1
EPS/3,FC Kirkkonummi/2,11,2,6,26,1
ViTa,Hukat,0,7,6,26,1
HooGee/Hodari,Olympique Club Espoo,0,8,6,26,1
Länsiväylän Dynamo,LoPa/Internationales,1,0,6,26,1
EsPa/Keltavihree 2,EPS/3,3,6,6,26,1
FC Kirkkonummi/2,ViTa,0,2,6,26,1
Hukat,EsPa/Keltavihree 2,10,1,6,26,1
Länsiväylän Dynamo,Olympique Club Espoo,1,2,6,26,1
LoPa/Internationales,EPS/3,0,14,6,26,1
Olympique Club Espoo,EsPa/Keltavihree 2,6,2,6,26,1
HooGee/Hodari,FC Kirkkonummi/2,1,1,6,26,1
Hukat,LoPa/Internationales,13,0,6,26,1
FC Kirkkonummi/2,Olympique Club Espoo,2,2,6,26,1
Hukat,EPS/3,3,4,6,26,1
LoPa/Internationales,HooGee/Hodari,4,2,6,26,1
EsPa/Keltavihree 2,Länsiväylän Dynamo,3,1,6,26,1
Hukat,ViTa,5,0,6,26,1
Olympique Club Espoo,LoPa/Internationales,10,0,6,26,1
ViTa,EsPa/Keltavihree 2,1,3,6,26,1
HooGee/Hodari,EPS/3,2,7,6,26,1
Länsiväylän Dynamo,FC Kirkkonummi/2,1,4,6,26,1
Hukat,Länsiväylän Dynamo,2,0,6,26,1
HooGee/Hodari,ViTa,2,6,6,26,1
EPS/3,Olympique Club Espoo,5,1,6,26,1
EsPa/Keltavihree 2,FC Kirkkonummi/2,6,0,6,26,1
FC Kirkkonummi/2,LoPa/Internationales,1,2,6,26,1
Olympique Club Espoo,Hukat,4,0,6,26,1
ViTa,EPS/3,1,6,6,26,1
Länsiväylän Dynamo,HooGee/Hodari,1,3,6,26,1
LoPa/Internationales,ViTa,3,0,6,26,1
Hukat,FC Kirkkonummi/2,11,2,6,26,1
EPS/3,Länsiväylän Dynamo,11,0,6,26,1
EsPa/Keltavihree 2,HooGee/Hodari,3,5,6,26,1
FC Kirkkonummi/2,EPS/3,0,3,6,26,1
ViTa,Olympique Club Espoo,0,13,6,26,1
HooGee/Hodari,Hukat,3,3,6,26,1
EsPa/Keltavihree 2,LoPa/Internationales,4,5,6,26,1
Olympique Club Espoo,HooGee/Hodari,8,3,6,26,1
LoPa/Internationales,Länsiväylän Dynamo,1,2,6,26,1
EPS/3,EsPa/Keltavihree 2,5,1,6,26,1
Olympique Club Espoo,Länsiväylän Dynamo,12,0,6,26,1
ViTa,FC Kirkkonummi/2,1,2,6,26,1
EPS/3,LoPa/Internationales,4,1,6,26,1
EsPa/Keltavihree 2,Hukat,0,3,6,26,1
FC Kirkkonummi/2,HooGee/Hodari,2,5,6,26,1
Länsiväylän Dynamo,ViTa,3,2,6,26,1
LoPa/Internationales,Hukat,0,2,6,26,1
EsPa/Keltavihree 2,Olympique Club Espoo,4,5,6,26,1
PiTa/II,Vermo Vikings,2,7,6,26,2
FC POHU/Toivo,PPV/Seos,1,2,6,26,2
Kilo IF/3,Geishan Pallo,0,4,6,26,2
PEP/Pitkätossut,Espoon Sonnit,0,1,6,26,2
Vermo Vikings,PEP/Pitkätossut,9,1,6,26,2
PPV/Seos,LePa/Cityboys,1,1,6,26,2
Espoon Sonnit,FC POHU/Toivo,6,0,6,26,2
Geishan Pallo,PiTa/II,2,0,6,26,2
Espoon Sonnit,PPV/Seos,1,1,6,26,2
LePa/Cityboys,PiTa/II,2,0,6,26,2
FC POHU/Toivo,Kilo IF/3,1,4,6,26,2
PEP/Pitkätossut,Geishan Pallo,0,3,6,26,2
Vermo Vikings,Espoon Sonnit,1,3,6,26,2
PiTa/II,FC POHU/Toivo,1,0,6,26,2
Geishan Pallo,LePa/Cityboys,3,1,6,26,2
Kilo IF/3,PEP/Pitkätossut,3,3,6,26,2
Espoon Sonnit,Kilo IF/3,2,1,6,26,2
PiTa/II,PPV/Seos,2,3,6,26,2
FC POHU/Toivo,Geishan Pallo,0,1,6,26,2
LePa/Cityboys,Vermo Vikings,0,3,6,26,2
Vermo Vikings,PPV/Seos,3,2,6,26,2
Geishan Pallo,Espoon Sonnit,1,2,6,26,2
Kilo IF/3,PiTa/II,2,0,6,26,2
PEP/Pitkätossut,LePa/Cityboys,1,3,6,26,2
FC POHU/Toivo,Vermo Vikings,3,2,6,26,2
PPV/Seos,Geishan Pallo,1,1,6,26,2
PiTa/II,PEP/Pitkätossut,2,0,6,26,2
LePa/Cityboys,Kilo IF/3,4,0,6,26,2
Vermo Vikings,Geishan Pallo,0,0,6,26,2
Espoon Sonnit,LePa/Cityboys,0,1,6,26,2
PPV/Seos,Kilo IF/3,2,4,6,26,2
FC POHU/Toivo,PEP/Pitkätossut,1,3,6,26,2
Kilo IF/3,Vermo Vikings,3,3,6,26,2
PiTa/II,Espoon Sonnit,0,2,6,26,2
PEP/Pitkätossut,PPV/Seos,2,1,6,26,2
LePa/Cityboys,FC POHU/Toivo,4,2,6,26,2
Geishan Pallo,Kilo IF/3,3,1,6,26,2
Vermo Vikings,PiTa/II,8,0,6,26,2
Espoon Sonnit,PEP/Pitkätossut,4,1,6,26,2
PPV/Seos,FC POHU/Toivo,1,4,6,26,2
PEP/Pitkätossut,FC POHU/Toivo,1,1,6,26,2
PiTa/II,Geishan Pallo,0,3,6,26,2
FC POHU/Toivo,Espoon Sonnit,0,7,6,26,2
PEP/Pitkätossut,Vermo Vikings,1,4,6,26,2
LePa/Cityboys,PPV/Seos,4,2,6,26,2
PiTa/II,LePa/Cityboys,0,2,6,26,2
PPV/Seos,Espoon Sonnit,0,0,6,26,2
Kilo IF/3,FC POHU/Toivo,0,3,6,26,2
Geishan Pallo,PEP/Pitkätossut,3,2,6,26,2
FC POHU/Toivo,PiTa/II,1,1,6,26,2
Espoon Sonnit,Vermo Vikings,1,0,6,26,2
PEP/Pitkätossut,Kilo IF/3,5,1,6,26,2
LePa/Cityboys,Geishan Pallo,2,4,6,26,2
Vermo Vikings,LePa/Cityboys,5,1,6,26,2
Kilo IF/3,Espoon Sonnit,1,4,6,26,2
PPV/Seos,PiTa/II,2,0,6,26,2
Geishan Pallo,FC POHU/Toivo,2,0,6,26,2
PPV/Seos,Vermo Vikings,0,2,6,26,2
Espoon Sonnit,Geishan Pallo,0,2,6,26,2
PiTa/II,Kilo IF/3,1,0,6,26,2
LePa/Cityboys,PEP/Pitkätossut,5,0,6,26,2
Vermo Vikings,FC POHU/Toivo,6,1,6,26,2
Geishan Pallo,PPV/Seos,0,3,6,26,2
Kilo IF/3,LePa/Cityboys,1,2,6,26,2
PEP/Pitkätossut,PiTa/II,1,1,6,26,2
Kilo IF/3,PPV/Seos,2,2,6,26,2
LePa/Cityboys,Espoon Sonnit,1,1,6,26,2
Geishan Pallo,Vermo Vikings,1,3,6,26,2
Vermo Vikings,Kilo IF/3,7,3,6,26,2
PPV/Seos,PEP/Pitkätossut,1,3,6,26,2
Espoon Sonnit,PiTa/II,1,0,6,26,2
HH Palloveikot,FC Jaliskirahvit,1,13,6,26,14
HJK/Sininen,HJK/Töölön Ihme,3,1,6,26,14
Gilla FC/26,FC Juvantus,0,0,6,26,14
TöTa/FC Mauskis,HDS/Express,6,1,6,26,14
FC POHU/Traktori,FC FC,5,2,6,26,14
NEXO,FC POHU/Futboleros,2,1,6,26,14
Töölö Tigers,HP-47 Helsinki,1,0,6,26,14
FC Dons/Akatemia,Helsinki United,12,0,6,26,14
HDS/Express,HJK/Sininen,2,4,6,26,14
HJK/Töölön Ihme,NEXO,0,4,6,26,14
HP-47 Helsinki,TöTa/FC Mauskis,2,2,6,26,14
FC POHU/Futboleros,FC POHU/Traktori,0,5,6,26,14
FC Dons/Akatemia,HH Palloveikot,0,0,6,26,14
FC Jaliskirahvit,Töölö Tigers,5,3,6,26,14
Helsinki United,FC Juvantus,0,20,6,26,14
FC FC,Gilla FC/26,1,1,6,26,14
HH Palloveikot,Helsinki United,9,0,6,26,14
HJK/Sininen,HP-47 Helsinki,0,1,6,26,14
NEXO,HDS/Express,5,1,6,26,14
TöTa/FC Mauskis,FC Jaliskirahvit,2,3,6,26,14
Gilla FC/26,FC POHU/Futboleros,4,1,6,26,14
FC Juvantus,FC FC,2,0,6,26,14
Töölö Tigers,FC Dons/Akatemia,3,2,6,26,14
FC POHU/Traktori,HJK/Töölön Ihme,12,0,6,26,14
FC Jaliskirahvit,HJK/Sininen,3,1,6,26,14
HDS/Express,FC POHU/Traktori,1,2,6,26,14
HP-47 Helsinki,NEXO,1,2,6,26,14
Helsinki United,FC FC,0,15,6,26,14
FC Dons/Akatemia,TöTa/FC Mauskis,1,1,6,26,14
FC POHU/Futboleros,FC Juvantus,0,5,6,26,14
HH Palloveikot,Töölö Tigers,1,2,6,26,14
HJK/Töölön Ihme,Gilla FC/26,1,6,6,26,14
HJK/Sininen,FC Dons/Akatemia,0,1,6,26,14
TöTa/FC Mauskis,HH Palloveikot,1,1,6,26,14
Gilla FC/26,HDS/Express,4,3,6,26,14
FC Juvantus,HJK/Töölön Ihme,14,0,6,26,14
FC POHU/Traktori,HP-47 Helsinki,6,0,6,26,14
Töölö Tigers,Helsinki United,1,0,6,26,14
FC FC,FC POHU/Futboleros,1,1,6,26,14
NEXO,FC Jaliskirahvit,3,1,6,26,14
Gilla FC/26,HP-47 Helsinki,6,0,6,26,14
HH Palloveikot,HJK/Sininen,0,6,6,26,14
FC Dons/Akatemia,NEXO,1,4,6,26,14
HDS/Express,FC Juvantus,2,5,6,26,14
FC Jaliskirahvit,FC POHU/Traktori,2,1,6,26,14
Töölö Tigers,TöTa/FC Mauskis,1,0,6,26,14
Helsinki United,FC POHU/Futboleros,2,9,6,26,14
HJK/Töölön Ihme,FC FC,1,5,6,26,14
TöTa/FC Mauskis,FC POHU/Traktori,1,0,6,26,14
Gilla FC/26,FC Jaliskirahvit,3,2,6,26,14
HJK/Sininen,Töölö Tigers,5,1,6,26,14
FC POHU/Futboleros,HJK/Töölön Ihme,4,2,6,26,14
TöTa/FC Mauskis,Helsinki United,4,0,6,26,14
FC Juvantus,HP-47 Helsinki,4,1,6,26,14
FC POHU/Traktori,FC Dons/Akatemia,1,1,6,26,14
NEXO,HH Palloveikot,2,1,6,26,14
FC FC,HDS/Express,3,1,6,26,14
HJK/Sininen,Helsinki United,7,0,6,26,14
HH Palloveikot,FC POHU/Traktori,0,3,6,26,14
TöTa/FC Mauskis,HJK/Sininen,1,0,6,26,14
HP-47 Helsinki,FC FC,0,2,6,26,14
FC Dons/Akatemia,Gilla FC/26,1,5,6,26,14
FC Jaliskirahvit,FC Juvantus,1,2,6,26,14
HDS/Express,FC POHU/Futboleros,3,3,6,26,14
Töölö Tigers,NEXO,0,2,6,26,14
Helsinki United,HJK/Töölön Ihme,1,5,6,26,14
FC POHU/Traktori,Töölö Tigers,7,2,6,26,14
NEXO,TöTa/FC Mauskis,1,1,6,26,14
HJK/Töölön Ihme,HDS/Express,3,3,6,26,14
FC Juvantus,FC Dons/Akatemia,3,0,6,26,14
FC POHU/Futboleros,HP-47 Helsinki,1,2,6,26,14
HJK/Töölön Ihme,FC Jaliskirahvit,1,3,6,26,14
HDS/Express,HP-47 Helsinki,0,5,6,26,14
FC POHU/Futboleros,FC Dons/Akatemia,3,1,6,26,14
FC Juvantus,Töölö Tigers,2,3,6,26,14
Helsinki United,HDS/Express,0,10,6,26,14
FC Dons/Akatemia,FC FC,1,2,6,26,14
HP-47 Helsinki,HJK/Töölön Ihme,1,2,6,26,14
Gilla FC/26,NEXO,1,4,6,26,14
FC Jaliskirahvit,FC POHU/Futboleros,0,1,6,26,14
Töölö Tigers,Gilla FC/26,2,2,6,26,14
HH Palloveikot,FC Juvantus,4,4,6,26,14
FC FC,HH Palloveikot,2,1,6,26,14
Gilla FC/26,TöTa/FC Mauskis,1,0,6,26,14
FC POHU/Traktori,HJK/Sininen,3,0,6,26,14
FC FC,FC Jaliskirahvit,0,4,6,26,14
NEXO,Helsinki United,13,0,6,26,14
TöTa/FC Mauskis,FC Juvantus,1,4,6,26,14
NEXO,FC POHU/Traktori,2,4,6,26,14
HH Palloveikot,FC POHU/Futboleros,1,1,6,26,14
FC Jaliskirahvit,HDS/Express,4,2,6,26,14
FC Dons/Akatemia,HJK/Töölön Ihme,6,0,6,26,14
Töölö Tigers,FC FC,2,3,6,26,14
Helsinki United,HP-47 Helsinki,0,8,6,26,14
Gilla FC/26,HJK/Sininen,2,2,6,26,14
FC POHU/Traktori,Helsinki United,8,1,6,26,14
FC Juvantus,HJK/Sininen,4,0,6,26,14
FC POHU/Futboleros,Töölö Tigers,0,11,6,26,14
HJK/Töölön Ihme,HH Palloveikot,1,4,6,26,14
HP-47 Helsinki,FC Jaliskirahvit,0,2,6,26,14
Helsingin Pallo-Veikot,Kullervo/WT,2,3,6,26,5
HJK/Kantsu 94,KPPK,1,1,6,26,5
Himalayan Sports Club,FC OHO UNITED,2,1,6,26,5
Ponnistus/Peruskallio,FC Babylon,4,4,6,26,5
KPPK,Ponnistus/Peruskallio,2,3,6,26,5
FC Babylon,Lännen Torpedo,4,3,6,26,5
FC OHO UNITED,HJK/Kantsu 94,5,1,6,26,5
Kullervo/WT,Himalayan Sports Club,2,1,6,26,5
HJK/Kantsu 94,Kullervo/WT,0,1,6,26,5
KPPK,FC Babylon,2,5,6,26,5
Lännen Torpedo,Himalayan Sports Club,5,2,6,26,5
Ponnistus/Peruskallio,Helsingin Pallo-Veikot,2,4,6,26,5
Kullervo/WT,Lännen Torpedo,4,0,6,26,5
Himalayan Sports Club,Ponnistus/Peruskallio,0,2,6,26,5
Helsingin Pallo-Veikot,HJK/Kantsu 94,4,1,6,26,5
FC OHO UNITED,KPPK,2,2,6,26,5
KPPK,Helsingin Pallo-Veikot,4,0,6,26,5
Himalayan Sports Club,FC Babylon,1,5,6,26,5
Ponnistus/Peruskallio,Kullervo/WT,1,6,6,26,5
Lännen Torpedo,FC OHO UNITED,5,2,6,26,5
HJK/Kantsu 94,Lännen Torpedo,2,0,6,26,5
Helsingin Pallo-Veikot,Himalayan Sports Club,4,2,6,26,5
Kullervo/WT,KPPK,4,2,6,26,5
FC OHO UNITED,FC Babylon,0,2,6,26,5
Himalayan Sports Club,HJK/Kantsu 94,1,2,6,26,5
Lännen Torpedo,Helsingin Pallo-Veikot,0,2,6,26,5
FC Babylon,Kullervo/WT,4,0,6,26,5
Ponnistus/Peruskallio,FC OHO UNITED,6,1,6,26,5
FC Babylon,Helsingin Pallo-Veikot,5,1,6,26,5
Ponnistus/Peruskallio,HJK/Kantsu 94,2,1,6,26,5
FC OHO UNITED,Kullervo/WT,2,1,6,26,5
KPPK,Lännen Torpedo,1,1,6,26,5
HJK/Kantsu 94,FC Babylon,1,2,6,26,5
Himalayan Sports Club,KPPK,3,4,6,26,5
Lännen Torpedo,Ponnistus/Peruskallio,2,1,6,26,5
Helsingin Pallo-Veikot,FC OHO UNITED,0,0,6,26,5
KPPK,HJK/Kantsu 94,3,1,6,26,5
Kullervo/WT,Helsingin Pallo-Veikot,1,3,6,26,5
FC Babylon,Ponnistus/Peruskallio,3,2,6,26,5
FC OHO UNITED,Himalayan Sports Club,2,2,6,26,5
HJK/Kantsu 94,Himalayan Sports Club,2,1,6,26,5
Kullervo/WT,FC Babylon,0,1,6,26,5
FC OHO UNITED,Ponnistus/Peruskallio,3,2,6,26,5
Helsingin Pallo-Veikot,Lännen Torpedo,2,1,6,26,5
Ponnistus/Peruskallio,KPPK,1,8,6,26,5
Lännen Torpedo,FC Babylon,1,2,6,26,5
HJK/Kantsu 94,FC OHO UNITED,2,3,6,26,5
Himalayan Sports Club,Lännen Torpedo,2,7,6,26,5
Kullervo/WT,HJK/Kantsu 94,1,1,6,26,5
FC Babylon,KPPK,1,1,6,26,5
Helsingin Pallo-Veikot,Ponnistus/Peruskallio,3,0,6,26,5
HJK/Kantsu 94,Helsingin Pallo-Veikot,2,4,6,26,5
Ponnistus/Peruskallio,Himalayan Sports Club,1,0,6,26,5
Lännen Torpedo,Kullervo/WT,1,3,6,26,5
KPPK,FC OHO UNITED,0,2,6,26,5
Helsingin Pallo-Veikot,KPPK,1,0,6,26,5
FC Babylon,Himalayan Sports Club,1,2,6,26,5
Kullervo/WT,Ponnistus/Peruskallio,8,1,6,26,5
FC OHO UNITED,Lännen Torpedo,3,1,6,26,5
KPPK,Kullervo/WT,3,0,6,26,5
Himalayan Sports Club,Helsingin Pallo-Veikot,3,2,6,26,5
FC Babylon,FC OHO UNITED,3,1,6,26,5
Lännen Torpedo,HJK/Kantsu 94,5,0,6,26,5
Himalayan Sports Club,Kullervo/WT,1,4,6,26,5
Lännen Torpedo,KPPK,1,2,6,26,5
HJK/Kantsu 94,Ponnistus/Peruskallio,5,0,6,26,5
Kullervo/WT,FC OHO UNITED,3,2,6,26,5
Helsingin Pallo-Veikot,FC Babylon,0,1,6,26,5
Ponnistus/Peruskallio,Lännen Torpedo,0,7,6,26,5
KPPK,Himalayan Sports Club,3,3,6,26,5
FC OHO UNITED,Helsingin Pallo-Veikot,1,2,6,26,5
FC Babylon,HJK/Kantsu 94,2,1,6,26,5
FC Kiffen/2,FC Germania/Akademie,3,1,6,26,6
SAPA/2,HeMan,5,4,6,26,6
Kullervo/Mosaic,Käpylä Maanantai,2,1,6,26,6
Kurvin Vauhti/Partiz,Ponnistus/3,0,3,6,26,6
Kurvin Vauhti/Partiz,HeMan,3,1,6,26,6
HeMan,FC Kiffen/2,2,3,6,26,6
Käpylä Maanantai,FC Kevyt Olo,2,2,6,26,6
FC Germania/Akademie,Kullervo/Mosaic,0,2,6,26,6
Ponnistus/3,SAPA/2,5,0,6,26,6
FC Kevyt Olo,SAPA/2,1,1,6,26,6
FC Kiffen/2,Ponnistus/3,1,1,6,26,6
FC Germania/Akademie,Käpylä Maanantai,1,5,6,26,6
Kullervo/Mosaic,Kurvin Vauhti/Partiz,3,2,6,26,6
Kurvin Vauhti/Partiz,FC Kiffen/2,0,1,6,26,6
Ponnistus/3,FC Kevyt Olo,0,0,6,26,6
HeMan,FC Germania/Akademie,2,0,6,26,6
SAPA/2,Kullervo/Mosaic,2,3,6,26,6
SAPA/2,Käpylä Maanantai,2,0,6,26,6
FC Kevyt Olo,HeMan,8,2,6,26,6
FC Germania/Akademie,Kurvin Vauhti/Partiz,0,1,6,26,6
Kullervo/Mosaic,Ponnistus/3,0,2,6,26,6
HeMan,Käpylä Maanantai,0,0,6,26,6
Kurvin Vauhti/Partiz,SAPA/2,0,3,6,26,6
Ponnistus/3,FC Germania/Akademie,3,2,6,26,6
SAPA/2,FC Kiffen/2,2,0,6,26,6
Kullervo/Mosaic,HeMan,7,3,6,26,6
FC Kevyt Olo,Kurvin Vauhti/Partiz,2,1,6,26,6
Käpylä Maanantai,Ponnistus/3,2,3,6,26,6
Kullervo/Mosaic,FC Kiffen/2,1,0,6,26,6
HeMan,Ponnistus/3,1,8,6,26,6
Käpylä Maanantai,Kurvin Vauhti/Partiz,5,1,6,26,6
FC Kevyt Olo,Kullervo/Mosaic,2,3,6,26,6
FC Kiffen/2,Käpylä Maanantai,1,3,6,26,6
SAPA/2,FC Germania/Akademie,0,2,6,26,6
FC Germania/Akademie,FC Kevyt Olo,3,1,6,26,6
Ponnistus/3,Kurvin Vauhti/Partiz,3,1,6,26,6
HeMan,SAPA/2,0,1,6,26,6
FC Germania/Akademie,FC Kiffen/2,3,1,6,26,6
Käpylä Maanantai,Kullervo/Mosaic,0,3,6,26,6
FC Kiffen/2,Kullervo/Mosaic,1,6,6,26,6
Kurvin Vauhti/Partiz,Käpylä Maanantai,0,2,6,26,6
Ponnistus/3,HeMan,3,0,6,26,6
FC Kevyt Olo,FC Germania/Akademie,0,2,6,26,6
FC Kevyt Olo,Käpylä Maanantai,1,2,6,26,6
FC Kiffen/2,HeMan,1,3,6,26,6
Kullervo/Mosaic,FC Germania/Akademie,5,3,6,26,6
SAPA/2,Ponnistus/3,1,1,6,26,6
Käpylä Maanantai,HeMan,3,3,6,26,6
Ponnistus/3,FC Kiffen/2,4,3,6,26,6
SAPA/2,FC Kevyt Olo,2,1,6,26,6
Käpylä Maanantai,FC Germania/Akademie,6,1,6,26,6
Kurvin Vauhti/Partiz,Kullervo/Mosaic,0,7,6,26,6
FC Kiffen/2,Kurvin Vauhti/Partiz,1,0,6,26,6
Kullervo/Mosaic,SAPA/2,3,1,6,26,6
FC Germania/Akademie,HeMan,2,3,6,26,6
Käpylä Maanantai,SAPA/2,1,2,6,26,6
HeMan,FC Kevyt Olo,2,3,6,26,6
Kurvin Vauhti/Partiz,FC Germania/Akademie,2,1,6,26,6
Ponnistus/3,Kullervo/Mosaic,3,0,6,26,6
SAPA/2,Kurvin Vauhti/Partiz,0,0,6,26,6
FC Kevyt Olo,FC Kiffen/2,0,3,6,26,6
FC Germania/Akademie,Ponnistus/3,1,6,6,26,6
FC Kiffen/2,SAPA/2,0,0,6,26,6
Ponnistus/3,Käpylä Maanantai,2,1,6,26,6
Kurvin Vauhti/Partiz,FC Kevyt Olo,2,1,6,26,6
HeMan,Kullervo/Mosaic,1,5,6,26,6
Kullervo/Mosaic,FC Kevyt Olo,6,0,6,26,6
HeMan,Kurvin Vauhti/Partiz,2,2,6,26,6
Käpylä Maanantai,FC Kiffen/2,0,1,6,26,6
FC Germania/Akademie,SAPA/2,0,1,6,26,6
FC Degis,FC Hönä,2,2,6,26,7
HePuLi,IF Gnistan/Fenix,4,3,6,26,7
MLHF/Reserves,Sammuneet Tähdet,0,14,6,26,7
KasiNolla,AC StaSi,3,0,6,26,7
IF Gnistan/Fenix,MLHF/Reserves,3,3,6,26,7
Sammuneet Tähdet,Jokerit FC/2,1,0,6,26,7
AC StaSi,HePuLi,0,5,6,26,7
FC Degis,AC StaSi,1,4,6,26,7
FC Hönä,KasiNolla,2,9,6,26,7
IF Gnistan/Fenix,Sammuneet Tähdet,1,4,6,26,7
MLHF/Reserves,FC Degis,1,4,6,26,7
Jokerit FC/2,KasiNolla,0,5,6,26,7
HePuLi,FC Hönä,7,1,6,26,7
AC StaSi,IF Gnistan/Fenix,4,0,6,26,7
FC Degis,HePuLi,1,2,6,26,7
FC Hönä,Jokerit FC/2,2,0,6,26,7
KasiNolla,MLHF/Reserves,1,3,6,26,7
IF Gnistan/Fenix,FC Degis,3,3,6,26,7
Jokerit FC/2,AC StaSi,1,4,6,26,7
MLHF/Reserves,FC Hönä,5,1,6,26,7
KasiNolla,Sammuneet Tähdet,5,1,6,26,7
AC StaSi,Sammuneet Tähdet,0,3,6,26,7
FC Degis,KasiNolla,1,8,6,26,7
FC Hönä,IF Gnistan/Fenix,2,2,6,26,7
Sammuneet Tähdet,FC Hönä,1,0,6,26,7
Jokerit FC/2,FC Degis,2,3,6,26,7
MLHF/Reserves,AC StaSi,1,1,6,26,7
KasiNolla,HePuLi,5,1,6,26,7
IF Gnistan/Fenix,Jokerit FC/2,4,3,6,26,7
AC StaSi,FC Hönä,3,2,6,26,7
Sammuneet Tähdet,FC Degis,1,2,6,26,7
MLHF/Reserves,HePuLi,3,3,6,26,7
KasiNolla,IF Gnistan/Fenix,9,1,6,26,7
HePuLi,Sammuneet Tähdet,2,0,6,26,7
Jokerit FC/2,MLHF/Reserves,2,0,6,26,7
IF Gnistan/Fenix,HePuLi,2,1,6,26,7
FC Hönä,FC Degis,2,5,6,26,7
AC StaSi,KasiNolla,1,3,6,26,7
Sammuneet Tähdet,MLHF/Reserves,4,1,6,26,7
FC Hönä,HePuLi,2,4,6,26,7
Sammuneet Tähdet,IF Gnistan/Fenix,4,2,6,26,7
FC Degis,MLHF/Reserves,1,5,6,26,7
KasiNolla,Jokerit FC/2,3,1,6,26,7
HePuLi,AC StaSi,2,1,6,26,7
MLHF/Reserves,IF Gnistan/Fenix,3,2,6,26,7
Jokerit FC/2,Sammuneet Tähdet,1,4,6,26,7
KasiNolla,FC Hönä,17,1,6,26,7
Jokerit FC/2,IF Gnistan/Fenix,1,6,6,26,7
MLHF/Reserves,KasiNolla,2,5,6,26,7
IF Gnistan/Fenix,AC StaSi,3,1,6,26,7
HePuLi,FC Degis,2,2,6,26,7
Jokerit FC/2,FC Hönä,5,2,6,26,7
FC Hönä,MLHF/Reserves,1,3,6,26,7
FC Degis,IF Gnistan/Fenix,1,1,6,26,7
Sammuneet Tähdet,KasiNolla,1,5,6,26,7
AC StaSi,Jokerit FC/2,4,1,6,26,7
IF Gnistan/Fenix,FC Hönä,2,0,6,26,7
Sammuneet Tähdet,AC StaSi,3,1,6,26,7
Jokerit FC/2,HePuLi,4,1,6,26,7
KasiNolla,FC Degis,6,0,6,26,7
FC Hönä,Sammuneet Tähdet,1,2,6,26,7
FC Degis,Jokerit FC/2,0,0,6,26,7
HePuLi,KasiNolla,0,4,6,26,7
AC StaSi,MLHF/Reserves,1,3,6,26,7
FC Degis,Sammuneet Tähdet,0,1,6,26,7
FC Hönä,AC StaSi,0,0,6,26,7
HePuLi,MLHF/Reserves,3,0,6,26,7
IF Gnistan/Fenix,KasiNolla,2,5,6,26,7
Sammuneet Tähdet,HePuLi,2,1,6,26,7
MLHF/Reserves,Jokerit FC/2,3,0,6,26,7
AC StaSi,FC Degis,0,3,6,26,7
VAMOL/Myyrmäki,Ruila,3,3,6,26,8
PK-35/Legendat,FC Viikingit/S.C.P L,3,3,6,26,8
Scorpions,Ariana FC,7,1,6,26,8
FC Viikingit/S.C.P L,MK United/Warriors,1,2,6,26,8
Ruila,PK-35/Legendat,5,2,6,26,8
Ariana FC,VAMOL/Myyrmäki,2,6,6,26,8
Trikiinit,Scorpions,1,0,6,26,8
VAMOL/Myyrmäki,Trikiinit,2,1,6,26,8
MK United/Warriors,Scorpions,4,1,6,26,8
Ruila,FC Viikingit/S.C.P L,1,3,6,26,8
Trikiinit,MK United/Warriors,4,5,6,26,8
Ariana FC,Ruila,3,1,6,26,8
Scorpions,PK-35/Legendat,4,2,6,26,8
Scorpions,FC Viikingit/S.C.P L,4,3,6,26,8
MK United/Warriors,Ariana FC,2,1,6,26,8
PK-35/Legendat,Trikiinit,2,3,6,26,8
Trikiinit,Ruila,1,4,6,26,8
VAMOL/Myyrmäki,MK United/Warriors,3,0,6,26,8
Ariana FC,FC Viikingit/S.C.P L,1,3,6,26,8
FC Viikingit/S.C.P L,Trikiinit,2,1,6,26,8
Scorpions,VAMOL/Myyrmäki,6,1,6,26,8
PK-35/Legendat,Ariana FC,3,3,6,26,8
PK-35/Legendat,VAMOL/Myyrmäki,3,4,6,26,8
Ruila,MK United/Warriors,3,0,6,26,8
Ariana FC,Trikiinit,2,1,6,26,8
Scorpions,Ruila,3,4,6,26,8
MK United/Warriors,PK-35/Legendat,4,4,6,26,8
Ariana FC,Scorpions,2,6,6,26,8
FC Viikingit/S.C.P L,PK-35/Legendat,5,3,6,26,8
Ruila,VAMOL/Myyrmäki,11,1,6,26,8
Trikiinit,VAMOL/Myyrmäki,3,1,6,26,8
FC Viikingit/S.C.P L,Ruila,2,1,6,26,8
Scorpions,Trikiinit,5,1,6,26,8
VAMOL/Myyrmäki,Ariana FC,4,1,6,26,8
MK United/Warriors,FC Viikingit/S.C.P L,2,0,6,26,8
PK-35/Legendat,Ruila,0,1,6,26,8
Ruila,Ariana FC,13,2,6,26,8
MK United/Warriors,Trikiinit,4,1,6,26,8
PK-35/Legendat,Scorpions,0,3,6,26,8
Trikiinit,PK-35/Legendat,2,7,6,26,8
Ariana FC,MK United/Warriors,1,2,6,26,8
FC Viikingit/S.C.P L,Scorpions,1,1,6,26,8
FC Viikingit/S.C.P L,Ariana FC,4,1,6,26,8
MK United/Warriors,VAMOL/Myyrmäki,1,3,6,26,8
Ruila,Trikiinit,2,3,6,26,8
VAMOL/Myyrmäki,Scorpions,3,2,6,26,8
Ariana FC,PK-35/Legendat,3,10,6,26,8
Trikiinit,FC Viikingit/S.C.P L,2,0,6,26,8
VAMOL/Myyrmäki,PK-35/Legendat,2,1,6,26,8
Trikiinit,Ariana FC,6,2,6,26,8
MK United/Warriors,Ruila,11,5,6,26,8
Ruila,Scorpions,2,5,6,26,8
PK-35/Legendat,MK United/Warriors,2,6,6,26,8
FC Viikingit/S.C.P L,VAMOL/Myyrmäki,0,2,6,26,8
KoiPS/Dynamo,FC Tuusula,4,0,6,26,9
PPS/OS,KeiKa/United,4,1,6,26,9
KeiKa/United,KoiPS/Dynamo,2,3,6,26,9
Afro Foot Club/2,PPS/OS,1,7,6,26,9
FC Tuusula,NJS/Jucola,0,7,6,26,9
NJS/Jucola,KoiPS/Dynamo,0,3,6,26,9
FC Tuusula,PPS/OS,0,5,6,26,9
KeiKa/United,FC Tuusula,4,1,6,26,9
KoiPS/Dynamo,Afro Foot Club/2,2,0,6,26,9
PPS/OS,KoiPS/Dynamo,2,2,6,26,9
NJS/Jucola,FC Tuusula,2,3,6,26,9
Afro Foot Club/2,KeiKa/United,3,4,6,26,9
NJS/Jucola,KeiKa/United,3,0,6,26,9
KoiPS/Dynamo,Afro Foot Club/2,3,0,6,26,9
FC Tuusula,PPS/OS,4,2,6,26,9
PPS/OS,NJS/Jucola,0,2,6,26,9
Afro Foot Club/2,FC Tuusula,6,1,6,26,9
KeiKa/United,KoiPS/Dynamo,2,2,6,26,9
PPS/OS,NJS/Jucola,3,3,6,26,9
Afro Foot Club/2,FC Tuusula,2,0,6,26,9
NJS/Jucola,KeiKa/United,4,2,6,26,9
Afro Foot Club/2,PPS/OS,0,3,6,26,9
KeiKa/United,PPS/OS,2,5,6,26,9
Afro Foot Club/2,NJS/Jucola,0,3,6,26,9
FC Tuusula,NJS/Jucola,2,2,6,26,9
PPS/OS,KeiKa/United,5,0,6,26,9
NJS/Jucola,KoiPS/Dynamo,2,0,6,26,9
KeiKa/United,FC Tuusula,2,0,6,26,9
PPS/OS,Afro Foot Club/2,1,3,6,26,9
KoiPS/Dynamo,NJS/Jucola,1,5,6,26,9
KeiKa/United,Afro Foot Club/2,5,0,6,26,9
NJS/Jucola,Afro Foot Club/2,3,1,6,26,9
FC Tuusula,KeiKa/United,1,6,6,26,9
PPS/OS,KoiPS/Dynamo,1,0,6,26,9
KoiPS/Dynamo,PPS/OS,2,0,6,26,9
PPS/OS,FC Tuusula,10,0,6,26,9
Afro Foot Club/2,KoiPS/Dynamo,2,2,6,26,9
KeiKa/United,NJS/Jucola,2,1,6,26,9
KoiPS/Dynamo,KeiKa/United,2,1,6,26,9
FC Tuusula,Afro Foot Club/2,0,2,6,26,9
NJS/Jucola,PPS/OS,1,1,6,26,9
FC Tuusula,KoiPS/Dynamo,2,3,6,26,9
FC MVP,JäPS/Akatemia 2,1,0,6,26,10
HAlku/FC,Pelikaani,6,3,6,26,10
AC JazzPa,Mäntsälän Urheilijat,1,8,6,26,10
RistiFemma,FC Kulmakikka,0,6,6,26,10
FC Kulmakikka,FC MVP,4,5,6,26,10
Ares -86,HAlku/FC,0,1,6,26,10
Mäntsälän Urheilijat,RistiFemma,11,1,6,26,10
Pelikaani,AC JazzPa,4,3,6,26,10
HAlku/FC,JäPS/Akatemia 2,0,4,6,26,10
FC Kulmakikka,Ares -86,12,0,6,26,10
AC JazzPa,FC MVP,3,7,6,26,10
Pelikaani,Mäntsälän Urheilijat,0,5,6,26,10
FC MVP,HAlku/FC,2,0,6,26,10
Mäntsälän Urheilijat,FC Kulmakikka,2,2,6,26,10
Ares -86,Pelikaani,1,5,6,26,10
JäPS/Akatemia 2,RistiFemma,5,1,6,26,10
HAlku/FC,FC Kulmakikka,0,4,6,26,10
AC JazzPa,JäPS/Akatemia 2,1,5,6,26,10
RistiFemma,Ares -86,6,2,6,26,10
Pelikaani,FC MVP,1,4,6,26,10
FC Kulmakikka,AC JazzPa,4,1,6,26,10
HAlku/FC,RistiFemma,2,3,6,26,10
Ares -86,Mäntsälän Urheilijat,0,11,6,26,10
JäPS/Akatemia 2,Pelikaani,7,2,6,26,10
Mäntsälän Urheilijat,JäPS/Akatemia 2,2,1,6,26,10
AC JazzPa,Ares -86,5,1,6,26,10
Pelikaani,FC Kulmakikka,2,7,6,26,10
Ares -86,JäPS/Akatemia 2,1,1,6,26,10
Mäntsälän Urheilijat,FC MVP,8,3,6,26,10
AC JazzPa,HAlku/FC,3,2,6,26,10
Pelikaani,RistiFemma,6,0,6,26,10
FC MVP,Ares -86,0,3,6,26,10
HAlku/FC,Mäntsälän Urheilijat,1,4,6,26,10
RistiFemma,AC JazzPa,1,8,6,26,10
JäPS/Akatemia 2,FC Kulmakikka,0,2,6,26,10
Mäntsälän Urheilijat,AC JazzPa,9,0,6,26,10
FC Kulmakikka,RistiFemma,14,0,6,26,10
JäPS/Akatemia 2,FC MVP,4,1,6,26,10
Pelikaani,HAlku/FC,0,1,6,26,10
FC MVP,FC Kulmakikka,2,4,6,26,10
AC JazzPa,Pelikaani,1,3,6,26,10
RistiFemma,Mäntsälän Urheilijat,2,6,6,26,10
HAlku/FC,Ares -86,2,2,6,26,10
Mäntsälän Urheilijat,Pelikaani,3,1,6,26,10
Ares -86,FC Kulmakikka,0,4,6,26,10
JäPS/Akatemia 2,HAlku/FC,5,1,6,26,10
FC Kulmakikka,Mäntsälän Urheilijat,5,0,6,26,10
HAlku/FC,FC MVP,1,4,6,26,10
RistiFemma,JäPS/Akatemia 2,2,5,6,26,10
Pelikaani,Ares -86,2,0,6,26,10
FC Kulmakikka,HAlku/FC,4,0,6,26,10
FC MVP,Pelikaani,6,2,6,26,10
Ares -86,RistiFemma,2,1,6,26,10
JäPS/Akatemia 2,AC JazzPa,8,2,6,26,10
Mäntsälän Urheilijat,Ares -86,3,2,6,26,10
AC JazzPa,FC Kulmakikka,2,10,6,26,10
RistiFemma,HAlku/FC,1,0,6,26,10
Pelikaani,JäPS/Akatemia 2,3,4,6,26,10
FC Kulmakikka,Pelikaani,8,1,6,26,10
Ares -86,AC JazzPa,5,3,6,26,10
FC MVP,RistiFemma,3,1,6,26,10
JäPS/Akatemia 2,Mäntsälän Urheilijat,1,2,6,26,10
JäPS/Akatemia 2,Ares -86,8,1,6,26,10
HAlku/FC,AC JazzPa,3,1,6,26,10
FC MVP,Mäntsälän Urheilijat,0,3,6,26,10
RistiFemma,Pelikaani,2,3,6,26,10
FC Kulmakikka,JäPS/Akatemia 2,3,1,6,26,10
Ares -86,FC MVP,1,1,6,26,10
Mäntsälän Urheilijat,HAlku/FC,3,0,6,26,10
AC JazzPa,RistiFemma,1,4,6,26,10
HaTP,Iitin Pallo-68,5,1,6,26,12
LIK,HiHi,6,1,6,26,12
Lahden United,MyPa/FC,3,2,6,26,12
HaPK Edustus/2,PoPo,4,2,6,26,12
ViSa,FC Villisiat,0,1,6,26,12
Valkealan Kajo,Jäntevä/Ukot,1,5,6,26,12
FC Villisiat,LIK,1,2,6,26,12
HiHi,HaPK Edustus/2,2,5,6,26,12
Jäntevä/Ukot,FC Tajuboys,4,9,6,26,12
Korian Klubi/2,ViSa,7,2,6,26,12
Lahden United,JaVo,1,0,6,26,12
PoPo,HaTP,3,2,6,26,12
MyPa/FC,FC Etapo,1,1,6,26,12
HaTP,HiHi,0,2,6,26,12
LIK,Korian Klubi/2,2,3,6,26,12
JaVo,MyPa/FC,0,3,6,26,12
HaPK Edustus/2,FC Villisiat,4,2,6,26,12
FC Etapo,Jäntevä/Ukot,0,2,6,26,12
Valkealan Kajo,PoPo,2,3,6,26,12
ViSa,Lahden United,1,4,6,26,12
FC Tajuboys,Iitin Pallo-68,4,0,6,26,12
Iitin Pallo-68,FC Etapo,9,0,6,26,12
JaVo,ViSa,4,1,6,26,12
FC Villisiat,HaTP,6,3,6,26,12
HiHi,Valkealan Kajo,1,6,6,26,12
Korian Klubi/2,HaPK Edustus/2,4,5,6,26,12
MyPa/FC,Jäntevä/Ukot,3,5,6,26,12
Lahden United,LIK,1,1,6,26,12
HaTP,Korian Klubi/2,1,1,6,26,12
HaPK Edustus/2,Lahden United,5,1,6,26,12
LIK,JaVo,2,0,6,26,12
FC Tajuboys,HiHi,5,1,6,26,12
FC Etapo,PoPo,2,6,6,26,12
ViSa,MyPa/FC,3,1,6,26,12
Jäntevä/Ukot,Iitin Pallo-68,3,0,6,26,12
Valkealan Kajo,FC Villisiat,1,4,6,26,12
FC Villisiat,FC Tajuboys,5,3,6,26,12
JaVo,HaPK Edustus/2,2,1,6,26,12
HiHi,FC Etapo,0,3,6,26,12
Korian Klubi/2,Valkealan Kajo,4,0,6,26,12
ViSa,LIK,3,3,6,26,12
Lahden United,HaTP,3,3,6,26,12
PoPo,Jäntevä/Ukot,4,3,6,26,12
MyPa/FC,Iitin Pallo-68,1,2,6,26,12
HaPK Edustus/2,ViSa,7,2,6,26,12
HaTP,JaVo,5,1,6,26,12
LIK,MyPa/FC,9,0,6,26,12
Iitin Pallo-68,PoPo,1,2,6,26,12
FC Etapo,FC Villisiat,1,0,6,26,12
Valkealan Kajo,Lahden United,3,0,6,26,12
Jäntevä/Ukot,HiHi,6,2,6,26,12
FC Tajuboys,Korian Klubi/2,6,0,6,26,12
FC Villisiat,Jäntevä/Ukot,2,4,6,26,12
JaVo,Valkealan Kajo,1,1,6,26,12
LIK,HaPK Edustus/2,2,0,6,26,12
HiHi,Iitin Pallo-68,1,3,6,26,12
Lahden United,FC Tajuboys,2,2,6,26,12
Korian Klubi/2,FC Etapo,6,3,6,26,12
ViSa,HaTP,0,3,6,26,12
MyPa/FC,PoPo,0,8,6,26,12
Iitin Pallo-68,Valkealan Kajo,1,1,6,26,12
FC Villisiat,PoPo,1,2,6,26,12
JaVo,Korian Klubi/2,3,3,6,26,12
HaTP,FC Etapo,7,5,6,26,12
Iitin Pallo-68,HaPK Edustus/2,4,1,6,26,12
HaPK Edustus/2,MyPa/FC,8,0,6,26,12
HaTP,LIK,2,2,6,26,12
Iitin Pallo-68,FC Villisiat,4,1,6,26,12
FC Etapo,Lahden United,1,1,6,26,12
Valkealan Kajo,ViSa,1,1,6,26,12
Jäntevä/Ukot,Korian Klubi/2,8,4,6,26,12
PoPo,HiHi,4,2,6,26,12
FC Tajuboys,JaVo,1,0,6,26,12
HaPK Edustus/2,HaTP,2,4,6,26,12
Korian Klubi/2,Iitin Pallo-68,2,7,6,26,12
JaVo,FC Etapo,3,0,6,26,12
LIK,Valkealan Kajo,4,0,6,26,12
ViSa,FC Tajuboys,0,4,6,26,12
MyPa/FC,HiHi,4,0,6,26,12
HaTP,MyPa/FC,3,1,6,26,12
PoPo,Korian Klubi/2,8,4,6,26,12
HiHi,FC Villisiat,1,5,6,26,12
FC Etapo,ViSa,3,2,6,26,12
Iitin Pallo-68,Lahden United,0,2,6,26,12
Jäntevä/Ukot,JaVo,4,0,6,26,12
Valkealan Kajo,HaPK Edustus/2,1,4,6,26,12
FC Tajuboys,LIK,0,1,6,26,12
HaTP,Valkealan Kajo,4,0,6,26,12
HaPK Edustus/2,FC Tajuboys,0,2,6,26,12
JaVo,Iitin Pallo-68,1,0,6,26,12
LIK,FC Etapo,1,3,6,26,12
Korian Klubi/2,HiHi,5,1,6,26,12
ViSa,Jäntevä/Ukot,1,1,6,26,12
MyPa/FC,FC Villisiat,3,0,6,26,12
Lahden United,PoPo,1,1,6,26,12
Iitin Pallo-68,ViSa,4,1,6,26,12
FC Villisiat,Korian Klubi/2,5,1,6,26,12
Kilo IF/2,Tavastia/FC Mojo,0,4,7,26,1
MoPo,Cosmos,2,0,7,26,1
Kasiysi/3,PPJ/Faijat,1,3,7,26,1
FC POHU/Kova Kamppi,OT-77,0,1,7,26,1
OT-77,Kasiysi/3,3,1,7,26,1
Cosmos,FC POHU/Kova Kamppi,3,0,7,26,1
Tavastia/FC Mojo,MoPo,2,2,7,26,1
PPJ/Faijat,Kilo IF/2,5,4,7,26,1
Kasiysi/3,Cosmos,1,2,7,26,1
Kilo IF/2,OT-77,4,4,7,26,1
FC POHU/Kova Kamppi,MoPo,1,3,7,26,1
Tavastia/FC Mojo,PPJ/Faijat,2,4,7,26,1
OT-77,PPJ/Faijat,1,3,7,26,1
MoPo,Kasiysi/3,2,1,7,26,1
FC POHU/Kova Kamppi,Tavastia/FC Mojo,1,3,7,26,1
Cosmos,Kilo IF/2,1,1,7,26,1
OT-77,Cosmos,1,1,7,26,1
Kasiysi/3,FC POHU/Kova Kamppi,0,2,7,26,1
Kilo IF/2,MoPo,0,2,7,26,1
Tavastia/FC Mojo,OT-77,0,1,7,26,1
PPJ/Faijat,Cosmos,2,2,7,26,1
Kasiysi/3,Tavastia/FC Mojo,0,1,7,26,1
FC POHU/Kova Kamppi,Kilo IF/2,2,2,7,26,1
MoPo,PPJ/Faijat,0,1,7,26,1
OT-77,MoPo,1,2,7,26,1
Kilo IF/2,Kasiysi/3,1,2,7,26,1
PPJ/Faijat,FC POHU/Kova Kamppi,4,0,7,26,1
Tavastia/FC Mojo,Cosmos,2,2,7,26,1
Käpylän Sekunda,Valtti/4,3,3,7,26,2
FC Pakila,FC Lähiö,2,6,7,26,2
FC Puimur,FC POHU/Sober,0,1,7,26,2
Kullervo,Ponnistus/TK,6,0,7,26,2
FC Lähiö,Kullervo,3,1,7,26,2
Valtti/4,FC Puimur,5,2,7,26,2
Ponnistus/TK,Käpylän Sekunda,2,1,7,26,2
FC POHU/Sober,FC Pakila,9,1,7,26,2
Kullervo,FC POHU/Sober,0,4,7,26,2
Valtti/4,Ponnistus/TK,4,0,7,26,2
Käpylän Sekunda,FC Lähiö,1,5,7,26,2
FC Pakila,FC Puimur,1,1,7,26,2
FC Puimur,Kullervo,4,2,7,26,2
FC Pakila,Valtti/4,2,4,7,26,2
FC POHU/Sober,Käpylän Sekunda,1,0,7,26,2
FC Lähiö,Ponnistus/TK,3,3,7,26,2
Valtti/4,FC Lähiö,1,1,7,26,2
Kullervo,FC Pakila,4,0,7,26,2
Käpylän Sekunda,FC Puimur,1,3,7,26,2
Ponnistus/TK,FC POHU/Sober,1,3,7,26,2
Kullervo,Valtti/4,2,1,7,26,2
FC POHU/Sober,FC Lähiö,6,0,7,26,2
FC Pakila,Käpylän Sekunda,1,3,7,26,2
Valtti/4,FC POHU/Sober,2,2,7,26,2
Käpylän Sekunda,Kullervo,1,2,7,26,2
FC Puimur,Ponnistus/TK,1,4,7,26,2
Ponnistus/TK,FC Pakila,2,0,7,26,2
FC Lähiö,FC Puimur,6,1,7,26,2
AC StaSi/Europort,HeKuLa,2,1,7,26,3
JJ Vepo,PK-35/Äijät,1,1,7,26,3
Valtti/TDJ,LPS/7,9,3,7,26,3
ToTe/Arabia,AFC EMU,0,9,7,26,3
HeKuLa,ToTe/Arabia,2,2,7,26,3
AFC EMU,Valtti/TDJ,3,0,7,26,3
LPS/7,JJ Vepo,4,2,7,26,3
PK-35/Äijät,AC StaSi/Europort,2,1,7,26,3
Valtti/TDJ,HeKuLa,5,1,7,26,3
LPS/7,AFC EMU,2,4,7,26,3
AC StaSi/Europort,JJ Vepo,5,0,7,26,3
ToTe/Arabia,PK-35/Äijät,0,3,7,26,3
HeKuLa,AFC EMU,1,4,7,26,3
AC StaSi/Europort,LPS/7,3,2,7,26,3
JJ Vepo,ToTe/Arabia,1,3,7,26,3
PK-35/Äijät,Valtti/TDJ,1,5,7,26,3
AFC EMU,PK-35/Äijät,2,0,7,26,3
LPS/7,HeKuLa,6,1,7,26,3
Valtti/TDJ,JJ Vepo,6,1,7,26,3
ToTe/Arabia,AC StaSi/Europort,0,3,7,26,3
ToTe/Arabia,LPS/7,2,3,7,26,3
PK-35/Äijät,HeKuLa,1,0,7,26,3
AC StaSi/Europort,Valtti/TDJ,0,3,7,26,3
JJ Vepo,AFC EMU,1,4,7,26,3
LPS/7,PK-35/Äijät,5,0,7,26,3
Valtti/TDJ,ToTe/Arabia,7,1,7,26,3
HeKuLa,JJ Vepo,6,4,7,26,3
AFC EMU,AC StaSi/Europort,0,1,7,26,3
FC POHU/Sober,MoPo,4,0,7,26,4
AFC EMU,FC Lähiö,3,0,7,26,4
PPJ/Faijat,Valtti/TDJ,1,0,7,26,4
AFC EMU,FC POHU/Sober,3,0,7,26,4
FC Lähiö,Valtti/TDJ,0,3,7,26,4
MoPo,PPJ/Faijat,1,3,7,26,4
FC POHU/Sober,FC Lähiö,1,2,7,26,4
PPJ/Faijat,AFC EMU,1,2,7,26,4
Valtti/TDJ,MoPo,3,0,7,26,4
FC Lähiö,MoPo,1,0,7,26,4
Valtti/TDJ,AFC EMU,0,2,7,26,4
PPJ/Faijat,FC POHU/Sober,3,4,7,26,4
AFC EMU,MoPo,4,0,7,26,4
FC POHU/Sober,Valtti/TDJ,0,2,7,26,4
PPJ/Faijat,FC Lähiö,3,2,7,26,4
MoPo,FC POHU/Sober,1,1,7,26,4
FC Lähiö,AFC EMU,2,5,7,26,4
Valtti/TDJ,PPJ/Faijat,3,0,7,26,4
FC POHU/Sober,AFC EMU,2,0,7,26,4
PPJ/Faijat,MoPo,1,1,7,26,4
FC Lähiö,FC POHU/Sober,2,4,7,26,4
MoPo,Valtti/TDJ,1,0,7,26,4
AFC EMU,PPJ/Faijat,1,3,7,26,4
AC StaSi/Europort,LPS/7,5,1,7,26,5
Kullervo,Valtti/4,2,2,7,26,5
OT-77,AC StaSi/Europort,2,4,7,26,5
LPS/7,Kullervo,0,2,7,26,5
Tavastia/FC Mojo,Valtti/4,3,1,7,26,5
Kullervo,OT-77,2,5,7,26,5
AC StaSi/Europort,Tavastia/FC Mojo,1,0,7,26,5
Valtti/4,LPS/7,2,0,7,26,5
Tavastia/FC Mojo,LPS/7,3,3,7,26,5
Kullervo,AC StaSi/Europort,2,0,7,26,5
Valtti/4,OT-77,0,3,7,26,5
OT-77,LPS/7,4,1,7,26,5
Kullervo,Tavastia/FC Mojo,1,1,7,26,5
AC StaSi/Europort,Valtti/4,1,0,7,26,5
Tavastia/FC Mojo,OT-77,2,3,7,26,5
Valtti/4,Kullervo,1,3,7,26,5
LPS/7,AC StaSi/Europort,3,0,7,26,5
Kullervo,LPS/7,4,0,7,26,5
AC StaSi/Europort,OT-77,2,1,7,26,5
Valtti/4,Tavastia/FC Mojo,1,2,7,26,5
OT-77,Kullervo,2,0,7,26,5
Tavastia/FC Mojo,AC StaSi/Europort,5,0,7,26,5
LPS/7,Valtti/4,0,4,7,26,5
PK-35/Äijät,HeKuLa,6,2,7,26,6
Ponnistus/TK,FC Puimur,0,2,7,26,6
PK-35/Äijät,Cosmos,4,3,7,26,6
FC POHU/Kova Kamppi,Ponnistus/TK,3,1,7,26,6
HeKuLa,FC Puimur,0,4,7,26,6
Ponnistus/TK,PK-35/Äijät,6,2,7,26,6
Cosmos,HeKuLa,1,0,7,26,6
FC Puimur,FC POHU/Kova Kamppi,1,3,7,26,6
Ponnistus/TK,Cosmos,1,5,7,26,6
HeKuLa,FC POHU/Kova Kamppi,1,5,7,26,6
FC Puimur,PK-35/Äijät,3,3,7,26,6
Ponnistus/TK,HeKuLa,1,0,7,26,6
Cosmos,FC Puimur,4,1,7,26,6
PK-35/Äijät,FC POHU/Kova Kamppi,1,4,7,26,6
FC Puimur,Ponnistus/TK,2,2,7,26,6
HeKuLa,PK-35/Äijät,1,5,7,26,6
FC POHU/Kova Kamppi,Cosmos,1,1,7,26,6
Ponnistus/TK,FC POHU/Kova Kamppi,0,3,7,26,6
FC Puimur,HeKuLa,4,2,7,26,6
Cosmos,PK-35/Äijät,2,0,7,26,6
HeKuLa,Cosmos,0,0,7,26,6
PK-35/Äijät,Ponnistus/TK,0,0,7,26,6
FC POHU/Kova Kamppi,FC Puimur,7,0,7,26,6
Käpylän Sekunda,Kilo IF/2,1,3,7,26,7
ToTe/Arabia,JJ Vepo,1,2,7,26,7
PiTa/III,Kasiysi/3,2,1,7,26,7
Käpylän Sekunda,JJ Vepo,2,4,7,26,7
FC Pakila,Kasiysi/3,1,3,7,26,7
PiTa/III,Kilo IF/2,2,0,7,26,7
ToTe/Arabia,Käpylän Sekunda,2,2,7,26,7
Kilo IF/2,FC Pakila,5,0,7,26,7
JJ Vepo,PiTa/III,5,1,7,26,7
PiTa/III,ToTe/Arabia,0,0,7,26,7
Kasiysi/3,Kilo IF/2,3,6,7,26,7
FC Pakila,JJ Vepo,0,1,7,26,7
Käpylän Sekunda,PiTa/III,3,1,7,26,7
ToTe/Arabia,FC Pakila,0,0,7,26,7
JJ Vepo,Kasiysi/3,1,2,7,26,7
Kasiysi/3,ToTe/Arabia,8,0,7,26,7
Kilo IF/2,JJ Vepo,6,1,7,26,7
FC Pakila,Käpylän Sekunda,3,4,7,26,7
Käpylän Sekunda,Kasiysi/3,3,4,7,26,7
ToTe/Arabia,Kilo IF/2,1,3,7,26,7
PiTa/III,FC Pakila,1,3,7,26,7
Kasiysi/3,PiTa/III,0,2,7,26,7
JJ Vepo,ToTe/Arabia,0,1,7,26,7
Kilo IF/2,Käpylän Sekunda,1,0,7,26,7
